<?xml version="1.0" encoding="UTF-8" standalone="yes"?>
<addon id="plugin.video.MyZonKuliah"
	name="[COLOR yellow][B]MYZon Kuliah[/B][/COLOR]"
	version="1.0.0"
	provider-name="Entersandman">
	
	  <requires>
    <import addon="xbmc.python" version="2.1.0"/>
    <import addon="script.module.addon.common" version="2.0.0"/>
    <import addon="plugin.video.youtube" version="5.0.0"/>
  </requires>
    <extension point="xbmc.python.pluginsource" library="myzon.py">
    <provides>video</provides>
	 </extension>
  <extension point="xbmc.addon.metadata">
    <summary lang="en">[COLOR yellow][B]MYZon Kuliah[/B][/COLOR]</summary>
    <description lang="en">[B]KOLEKSI CERAMAH AGAMA
	Kata yang paling indah adalah ALLAH
    Lagu yang paling merdu adalah AZAN
	Sukan yang paling bermanfaat adalah SOLAT
	Buku yang paling sempurna adalah ALQURAN
	Kata yang paling indah adalah ALLAH[/B]</description>
	<platform>all</platform>
    <forum></forum>
    <source></source>
    <website></website>
    <email></email>
  </extension>
</addon>